顧客ID,顧客名,性別,年代,都道府県,地方,流入経路,登録日
C0001,松本 悠斗,男性,30代,沖縄県,九州・沖縄,SNS,2024-09-21
C0002,森 亮,女性,20代,北海道,北海道,メール,2024-03-08
C0003,中村 駿,男性,40代,愛知県,中部,紹介,2025-11-08
C0004,加藤 愛,女性,30代,千葉県,関東,メール,2025-01-05
C0005,木村 菜々子,男性,30代,京都府,近畿,メール,2025-05-25
C0006,阿部 愛,男性,20代,岡山県,中国,紹介,2025-09-15
C0007,山口 舞,女性,30代,愛知県,中部,SNS,2024-11-15
C0008,佐藤 花子,女性,30代,愛知県,中部,広告,2023-11-18
C0009,斎藤 菜々子,女性,10代,大阪府,近畿,広告,2025-12-01
C0010,石川 拓海,女性,20代,愛知県,中部,紹介,2025-07-01
C0011,松本 直樹,男性,40代,東京都,関東,検索,2025-05-08
C0012,小川 瞳,男性,30代,千葉県,関東,検索,2025-04-28
C0013,斎藤 莉子,女性,30代,福岡県,九州・沖縄,紹介,2025-07-07
C0014,佐藤 舞,男性,20代,熊本県,九州・沖縄,広告,2024-07-12
C0015,鈴木 真央,男性,30代,大阪府,近畿,検索,2025-02-02
C0016,小川 健太,女性,50代,熊本県,九州・沖縄,広告,2023-11-17
C0017,渡辺 優,女性,20代,東京都,関東,SNS,2024-07-07
C0018,林 葵,女性,40代,愛知県,中部,メール,2024-12-09
C0019,高橋 直樹,男性,30代,東京都,関東,SNS,2024-10-24
C0020,佐々木 駿,女性,20代,京都府,近畿,メール,2023-11-21
C0021,吉田 智也,女性,40代,埼玉県,関東,検索,2025-05-21
C0022,藤田 健太,女性,50代,長野県,中部,SNS,2024-01-19
C0023,前田 遥,男性,30代,兵庫県,近畿,SNS,2023-10-07
C0024,後藤 悠斗,男性,50代,神奈川県,関東,広告,2024-11-14
C0025,岡田 花子,女性,10代,東京都,関東,広告,2024-04-12
C0026,中村 直樹,男性,40代,東京都,関東,メール,2023-11-04
C0027,佐藤 龍之介,女性,50代,静岡県,中部,メール,2025-12-09
C0028,小林 颯太,男性,30代,愛知県,中部,検索,2025-05-22
C0029,小川 龍之介,男性,50代,兵庫県,近畿,広告,2025-04-07
C0030,前田 彩,女性,10代,埼玉県,関東,検索,2024-11-07
C0031,田中 翔太,女性,30代,静岡県,中部,SNS,2025-06-23
C0032,阿部 瞳,女性,50代,福岡県,九州・沖縄,広告,2025-05-20
C0033,清水 彩,女性,20代,長野県,中部,紹介,2024-09-08
C0034,阿部 美咲,男性,30代,沖縄県,九州・沖縄,紹介,2025-10-25
C0035,岡田 拓海,男性,20代,宮城県,東北,SNS,2024-10-28
C0036,石川 葵,女性,10代,静岡県,中部,SNS,2024-06-06
C0037,石川 彩,男性,30代,千葉県,関東,検索,2024-12-01
C0038,山口 龍之介,男性,30代,埼玉県,関東,SNS,2023-10-16
C0039,小林 大輔,女性,20代,広島県,中国,広告,2025-07-17
C0040,後藤 花子,女性,20代,福岡県,九州・沖縄,SNS,2025-04-17
C0041,小川 悠斗,男性,20代,東京都,関東,広告,2024-04-18
C0042,池田 愛,男性,30代,埼玉県,関東,SNS,2024-12-29
C0043,斎藤 彩,女性,20代,福岡県,九州・沖縄,メール,2024-01-20
C0044,小林 拓海,男性,40代,千葉県,関東,SNS,2025-11-15
C0045,橋本 太郎,女性,30代,長野県,中部,SNS,2024-07-28
C0046,木村 蓮,男性,30代,兵庫県,近畿,広告,2025-06-04
C0047,岡田 亮,女性,40代,長野県,中部,検索,2024-07-14
C0048,山本 蓮,女性,30代,福岡県,九州・沖縄,SNS,2024-02-29
C0049,森 拓海,男性,20代,愛媛県,四国,広告,2023-10-31
C0050,吉田 美咲,男性,30代,愛知県,中部,検索,2025-06-22
C0051,高橋 大輔,女性,20代,千葉県,関東,広告,2024-12-07
C0052,山田 誠,女性,50代,京都府,近畿,検索,2024-10-13
C0053,清水 拓海,女性,20代,愛知県,中部,紹介,2025-01-11
C0054,松本 舞,女性,60代以上,東京都,関東,検索,2023-10-14
C0055,小林 蓮,男性,20代,長野県,中部,SNS,2023-11-21
C0056,井上 愛,男性,10代,宮城県,東北,メール,2024-01-02
C0057,鈴木 遥,女性,20代,静岡県,中部,広告,2024-08-01
C0058,林 舞,男性,20代,長野県,中部,SNS,2025-07-18
C0059,加藤 拓海,男性,10代,千葉県,関東,SNS,2024-03-14
C0060,橋本 亮,男性,20代,新潟県,中部,検索,2024-03-19
C0061,岡田 瞳,男性,10代,福岡県,九州・沖縄,検索,2025-09-01
C0062,高橋 花子,女性,40代,広島県,中国,SNS,2024-06-02
C0063,加藤 美咲,男性,30代,埼玉県,関東,SNS,2024-08-16
C0064,小川 拓海,男性,20代,愛知県,中部,検索,2025-01-28
C0065,石川 悠斗,女性,20代,神奈川県,関東,広告,2025-04-25
C0066,山口 菜々子,男性,50代,埼玉県,関東,検索,2025-09-21
C0067,鈴木 智也,男性,20代,大阪府,近畿,紹介,2024-01-14
C0068,後藤 遥,女性,20代,東京都,関東,SNS,2025-03-17
C0069,小林 健太,男性,40代,福岡県,九州・沖縄,メール,2024-10-11
C0070,清水 蓮,男性,50代,東京都,関東,SNS,2024-03-18
C0071,山田 太郎,男性,30代,愛知県,中部,広告,2024-03-27
C0072,鈴木 亮,女性,20代,東京都,関東,メール,2025-11-01
C0073,山本 龍之介,女性,20代,北海道,北海道,検索,2024-01-16
C0074,鈴木 駿,男性,30代,愛知県,中部,紹介,2025-01-29
C0075,高橋 悠斗,女性,30代,東京都,関東,紹介,2025-05-19
C0076,佐々木 悠斗,男性,40代,広島県,中国,SNS,2025-01-08
C0077,伊藤 誠,男性,10代,大阪府,近畿,メール,2025-01-10
C0078,加藤 蓮,女性,20代,大阪府,近畿,SNS,2025-03-20
C0079,池田 亮,女性,20代,広島県,中国,検索,2024-05-15
C0080,橋本 舞,男性,10代,京都府,近畿,SNS,2025-04-03
C0081,斎藤 直樹,男性,30代,北海道,北海道,検索,2024-12-20
C0082,橋本 花子,男性,60代以上,静岡県,中部,広告,2025-01-13
C0083,前田 和也,男性,30代,長野県,中部,SNS,2025-03-01
C0084,森 葵,男性,30代,大阪府,近畿,検索,2024-02-18
C0085,山田 葵,男性,20代,新潟県,中部,メール,2023-12-17
C0086,石川 太郎,男性,30代,宮城県,東北,広告,2025-10-13
C0087,森 結衣,男性,50代,埼玉県,関東,広告,2025-06-14
C0088,岡田 智也,男性,60代以上,東京都,関東,紹介,2025-08-23
C0089,井上 優,女性,20代,宮城県,東北,検索,2024-07-26
C0090,林 美咲,女性,30代,愛知県,中部,SNS,2024-06-13
C0091,山田 彩,男性,20代,愛知県,中部,検索,2025-01-05
C0092,清水 龍之介,女性,20代,長野県,中部,検索,2024-09-08
C0093,山本 悠斗,女性,40代,埼玉県,関東,SNS,2025-11-15
C0094,石川 智也,女性,20代,熊本県,九州・沖縄,検索,2023-11-06
C0095,小川 誠,女性,40代,北海道,北海道,検索,2025-09-26
C0096,田中 健太,女性,30代,神奈川県,関東,検索,2025-11-27
C0097,小川 結衣,男性,60代以上,新潟県,中部,紹介,2025-01-22
C0098,後藤 拓海,女性,40代,大阪府,近畿,SNS,2024-02-26
C0099,木村 瞳,女性,30代,福岡県,九州・沖縄,検索,2025-06-07
C0100,森 和也,男性,20代,愛媛県,四国,検索,2025-07-10
C0101,石川 直樹,男性,30代,東京都,関東,SNS,2025-05-14
C0102,田中 莉子,女性,40代,新潟県,中部,SNS,2025-01-02
C0103,小川 美咲,男性,20代,神奈川県,関東,メール,2025-06-12
C0104,山田 和也,男性,20代,新潟県,中部,検索,2024-08-23
C0105,藤田 遥,女性,30代,長野県,中部,紹介,2024-06-09
C0106,佐々木 舞,女性,20代,京都府,近畿,メール,2025-06-22
C0107,橋本 健太,男性,50代,神奈川県,関東,検索,2025-11-21
C0108,井上 遥,女性,10代,広島県,中国,SNS,2025-06-28
C0109,鈴木 美咲,女性,20代,愛知県,中部,SNS,2023-11-20
C0110,吉田 花子,女性,30代,愛知県,中部,SNS,2025-08-22
C0111,高橋 葵,女性,20代,大阪府,近畿,SNS,2024-09-05
C0112,石川 和也,女性,30代,神奈川県,関東,広告,2023-12-05
C0113,高橋 龍之介,男性,20代,東京都,関東,広告,2025-04-12
C0114,中村 太郎,女性,30代,大阪府,近畿,広告,2023-11-15
C0115,藤田 翔太,女性,20代,大阪府,近畿,SNS,2024-08-02
C0116,林 花子,女性,30代,神奈川県,関東,検索,2023-10-07
C0117,渡辺 莉子,女性,20代,東京都,関東,検索,2025-08-19
C0118,前田 莉子,男性,20代,東京都,関東,SNS,2025-09-26
C0119,阿部 智也,女性,60代以上,愛知県,中部,SNS,2025-12-24
C0120,吉田 さくら,男性,20代,大阪府,近畿,広告,2025-02-15
C0121,山口 智也,男性,40代,埼玉県,関東,メール,2024-09-09
C0122,山口 優,女性,50代,大阪府,近畿,検索,2024-07-01
C0123,森 舞,男性,20代,大阪府,近畿,メール,2024-11-05
C0124,斎藤 亮,男性,20代,東京都,関東,広告,2025-09-24
C0125,清水 和也,男性,20代,神奈川県,関東,SNS,2024-08-30
C0126,斎藤 遥,男性,30代,新潟県,中部,メール,2024-01-05
C0127,中村 美咲,男性,20代,福岡県,九州・沖縄,検索,2023-10-09
C0128,田中 颯太,女性,20代,東京都,関東,検索,2023-12-18
C0129,阿部 和也,女性,10代,神奈川県,関東,検索,2024-02-26
C0130,清水 優,男性,50代,静岡県,中部,SNS,2025-01-28
C0131,木村 龍之介,女性,30代,埼玉県,関東,SNS,2025-06-02
C0132,佐藤 颯太,女性,20代,福岡県,九州・沖縄,検索,2024-07-13
C0133,山口 彩,女性,20代,埼玉県,関東,紹介,2025-06-21
C0134,渡辺 和也,男性,30代,千葉県,関東,検索,2024-01-26
C0135,池田 大輔,女性,60代以上,埼玉県,関東,SNS,2024-08-27
C0136,岡田 駿,女性,30代,兵庫県,近畿,SNS,2025-09-27
C0137,田中 駿,女性,20代,京都府,近畿,SNS,2023-10-01
C0138,石川 誠,男性,50代,兵庫県,近畿,紹介,2024-11-20
C0139,高橋 真央,男性,40代,大阪府,近畿,SNS,2025-02-02
C0140,佐藤 真央,男性,20代,東京都,関東,検索,2025-12-13
C0141,山田 舞,男性,20代,東京都,関東,広告,2024-04-29
C0142,山田 美咲,女性,30代,岡山県,中国,検索,2025-09-05
C0143,佐々木 龍之介,男性,30代,東京都,関東,検索,2024-12-14
C0144,小川 颯太,女性,20代,埼玉県,関東,SNS,2023-10-28
C0145,高橋 和也,男性,20代,神奈川県,関東,検索,2024-03-12
C0146,山口 莉子,男性,40代,京都府,近畿,SNS,2025-03-20
C0147,木村 誠,男性,30代,福岡県,九州・沖縄,検索,2024-01-30
C0148,後藤 莉子,女性,20代,愛知県,中部,広告,2025-09-18
C0149,鈴木 龍之介,男性,30代,神奈川県,関東,SNS,2024-04-18
C0150,前田 智也,女性,30代,京都府,近畿,検索,2025-06-17
C0151,山田 駿,男性,20代,愛知県,中部,検索,2025-12-04
C0152,後藤 舞,女性,40代,愛知県,中部,検索,2025-04-21
C0153,岡田 悠斗,女性,30代,北海道,北海道,広告,2025-06-11
C0154,渡辺 さくら,男性,10代,神奈川県,関東,メール,2025-06-05
C0155,斎藤 瞳,女性,50代,千葉県,関東,紹介,2025-06-07
C0156,伊藤 花子,女性,20代,北海道,北海道,メール,2025-10-03
C0157,井上 花子,男性,20代,千葉県,関東,SNS,2025-04-30
C0158,清水 莉子,男性,20代,神奈川県,関東,検索,2023-12-01
C0159,後藤 颯太,男性,50代,東京都,関東,広告,2025-01-17
C0160,斎藤 龍之介,女性,20代,愛知県,中部,SNS,2024-06-30
C0161,渡辺 葵,女性,30代,沖縄県,九州・沖縄,広告,2025-06-16
C0162,清水 亮,男性,50代,大阪府,近畿,検索,2024-10-21
C0163,田中 直樹,男性,20代,神奈川県,関東,メール,2023-12-15
C0164,伊藤 和也,男性,50代,埼玉県,関東,SNS,2025-07-08
C0165,伊藤 龍之介,男性,20代,愛知県,中部,広告,2024-01-19
C0166,木村 悠斗,女性,50代,東京都,関東,SNS,2024-01-30
C0167,後藤 誠,男性,30代,東京都,関東,紹介,2023-10-08
C0168,橋本 優,女性,30代,愛知県,中部,メール,2025-11-19
C0169,中村 結衣,女性,30代,北海道,北海道,検索,2025-09-11
C0170,森 瞳,女性,40代,北海道,北海道,メール,2024-08-16
C0171,木村 さくら,女性,20代,東京都,関東,広告,2024-06-25
C0172,吉田 莉子,男性,20代,兵庫県,近畿,広告,2025-12-06
C0173,吉田 太郎,男性,10代,東京都,関東,広告,2024-05-05
C0174,佐々木 誠,女性,50代,神奈川県,関東,広告,2024-12-19
C0175,山口 結衣,男性,60代以上,東京都,関東,紹介,2025-10-20
C0176,阿部 直樹,女性,50代,神奈川県,関東,広告,2024-10-02
C0177,山口 遥,男性,30代,福岡県,九州・沖縄,SNS,2023-12-27
C0178,山本 拓海,女性,20代,東京都,関東,SNS,2025-01-05
C0179,伊藤 真央,女性,10代,東京都,関東,SNS,2024-02-19
C0180,井上 亮,女性,20代,東京都,関東,SNS,2025-02-08
C0181,橋本 直樹,女性,20代,埼玉県,関東,SNS,2025-09-30
C0182,清水 菜々子,男性,30代,千葉県,関東,広告,2024-02-25
C0183,田中 蓮,女性,50代,東京都,関東,広告,2025-03-21
C0184,前田 結衣,女性,20代,東京都,関東,広告,2024-07-13
C0185,田中 優,女性,30代,大阪府,近畿,SNS,2025-11-18
C0186,山口 太郎,男性,40代,北海道,北海道,SNS,2024-07-18
C0187,吉田 愛,女性,20代,愛知県,中部,広告,2024-02-06
C0188,池田 誠,男性,30代,静岡県,中部,SNS,2024-01-14
C0189,岡田 龍之介,男性,30代,岡山県,中国,SNS,2024-12-17
C0190,清水 遥,男性,60代以上,福岡県,九州・沖縄,SNS,2024-06-24
C0191,松本 瞳,女性,40代,北海道,北海道,検索,2023-12-26
C0192,木村 舞,女性,10代,愛知県,中部,検索,2024-03-11
C0193,山田 直樹,男性,40代,埼玉県,関東,検索,2024-01-21
C0194,木村 結衣,女性,40代,岡山県,中国,紹介,2025-09-09
C0195,斎藤 翔太,男性,20代,愛知県,中部,検索,2025-08-10
C0196,森 智也,女性,20代,愛知県,中部,広告,2023-10-20
C0197,山本 大輔,女性,40代,福岡県,九州・沖縄,広告,2024-05-04
C0198,高橋 結衣,男性,40代,石川県,中部,SNS,2025-09-22
C0199,林 さくら,男性,30代,埼玉県,関東,検索,2024-09-17
C0200,佐々木 莉子,女性,40代,埼玉県,関東,検索,2025-11-24
C0201,山本 優,女性,50代,北海道,北海道,検索,2024-12-31
C0202,森 花子,男性,20代,北海道,北海道,広告,2025-12-28
C0203,渡辺 亮,男性,50代,新潟県,中部,紹介,2025-05-22
C0204,田中 結衣,女性,30代,兵庫県,近畿,SNS,2024-08-10
C0205,山田 瞳,女性,40代,福岡県,九州・沖縄,メール,2024-10-01
C0206,小川 亮,男性,20代,千葉県,関東,検索,2025-07-29
C0207,池田 陽菜,女性,20代,兵庫県,近畿,紹介,2025-07-08
C0208,佐々木 陽菜,女性,20代,大阪府,近畿,広告,2024-04-10
C0209,岡田 和也,男性,20代,福岡県,九州・沖縄,広告,2024-08-31
C0210,佐々木 さくら,女性,40代,大阪府,近畿,SNS,2024-02-28
C0211,藤田 拓海,男性,20代,埼玉県,関東,メール,2025-01-01
C0212,池田 智也,女性,30代,埼玉県,関東,検索,2025-02-07
C0213,井上 龍之介,女性,30代,愛媛県,四国,SNS,2024-02-12
C0214,林 和也,男性,20代,宮城県,東北,検索,2024-01-08
C0215,後藤 太郎,女性,60代以上,福岡県,九州・沖縄,広告,2025-05-05
C0216,山口 誠,女性,50代,大阪府,近畿,SNS,2025-08-16
C0217,中村 さくら,女性,20代,長野県,中部,広告,2025-07-30
C0218,山本 真央,女性,40代,東京都,関東,広告,2024-05-31
C0219,井上 瞳,男性,60代以上,東京都,関東,SNS,2024-12-20
C0220,岡田 真央,女性,20代,愛媛県,四国,検索,2025-09-15
C0221,山田 結衣,男性,20代,神奈川県,関東,SNS,2024-10-08
C0222,岡田 直樹,男性,30代,神奈川県,関東,検索,2024-05-26
C0223,前田 颯太,女性,30代,静岡県,中部,SNS,2025-09-11
C0224,前田 直樹,女性,20代,福岡県,九州・沖縄,紹介,2025-04-14
C0225,山本 太郎,女性,40代,東京都,関東,SNS,2024-07-15
C0226,小川 舞,女性,10代,埼玉県,関東,検索,2025-02-16
C0227,清水 花子,女性,20代,東京都,関東,検索,2024-07-06
C0228,伊藤 優,男性,20代,大阪府,近畿,SNS,2024-05-28
C0229,渡辺 誠,女性,20代,熊本県,九州・沖縄,広告,2025-08-07
C0230,小川 直樹,女性,20代,千葉県,関東,検索,2024-08-01
C0231,斎藤 愛,男性,30代,静岡県,中部,検索,2024-06-26
C0232,森 愛,女性,30代,東京都,関東,紹介,2024-06-04
C0233,田中 彩,男性,60代以上,兵庫県,近畿,検索,2023-11-23
C0234,清水 葵,女性,20代,北海道,北海道,紹介,2024-04-07
C0235,斎藤 舞,女性,30代,愛知県,中部,メール,2025-07-25
C0236,加藤 瞳,男性,20代,千葉県,関東,メール,2023-10-18
C0237,木村 健太,女性,40代,岡山県,中国,SNS,2024-04-05
C0238,山本 智也,女性,40代,東京都,関東,検索,2023-10-28
C0239,吉田 龍之介,女性,30代,東京都,関東,検索,2024-01-16
C0240,加藤 大輔,女性,30代,千葉県,関東,検索,2024-02-12
C0241,加藤 誠,男性,60代以上,埼玉県,関東,広告,2024-05-21
C0242,佐藤 菜々子,男性,30代,神奈川県,関東,SNS,2024-09-20
C0243,渡辺 駿,女性,20代,北海道,北海道,検索,2024-08-28
C0244,清水 直樹,男性,40代,愛知県,中部,紹介,2025-10-26
C0245,山口 真央,男性,50代,静岡県,中部,検索,2023-12-11
C0246,加藤 彩,女性,30代,東京都,関東,紹介,2025-12-10
C0247,高橋 菜々子,女性,30代,沖縄県,九州・沖縄,SNS,2024-08-26
C0248,田中 美咲,男性,20代,愛知県,中部,SNS,2024-09-28
C0249,斎藤 颯太,女性,40代,東京都,関東,広告,2024-03-18
C0250,山本 駿,男性,40代,大阪府,近畿,紹介,2025-05-18
C0251,林 誠,女性,30代,大阪府,近畿,検索,2025-05-11
C0252,高橋 遥,男性,20代,東京都,関東,検索,2025-10-25
C0253,小林 遥,男性,10代,東京都,関東,検索,2023-10-21
C0254,田中 陽菜,女性,40代,神奈川県,関東,SNS,2024-03-31
C0255,松本 莉子,女性,20代,愛知県,中部,紹介,2024-04-09
C0256,橋本 和也,女性,20代,神奈川県,関東,検索,2023-10-04
C0257,高橋 健太,男性,20代,大阪府,近畿,SNS,2025-01-30
C0258,斎藤 美咲,男性,10代,東京都,関東,広告,2025-03-04
C0259,橋本 智也,男性,40代,大阪府,近畿,SNS,2025-10-16
C0260,鈴木 和也,男性,30代,東京都,関東,広告,2025-05-03
C0261,橋本 駿,女性,40代,熊本県,九州・沖縄,SNS,2025-08-10
C0262,松本 花子,女性,10代,福岡県,九州・沖縄,検索,2024-08-10
C0263,井上 太郎,男性,10代,東京都,関東,メール,2024-04-13
C0264,斎藤 智也,女性,40代,愛媛県,四国,SNS,2025-10-05
C0265,鈴木 結衣,女性,30代,愛媛県,四国,紹介,2025-09-05
C0266,中村 大輔,男性,30代,北海道,北海道,紹介,2024-05-28
C0267,清水 真央,女性,40代,千葉県,関東,検索,2024-02-06
C0268,森 遥,女性,10代,愛知県,中部,紹介,2023-11-13
C0269,吉田 菜々子,男性,10代,千葉県,関東,SNS,2023-12-07
C0270,森 彩,女性,20代,神奈川県,関東,SNS,2025-04-15
C0271,石川 遥,男性,40代,福岡県,九州・沖縄,検索,2023-12-23
C0272,橋本 颯太,女性,30代,大阪府,近畿,メール,2024-07-26
C0273,橋本 彩,男性,20代,京都府,近畿,SNS,2024-06-20
C0274,井上 拓海,女性,10代,神奈川県,関東,検索,2024-08-30
C0275,森 健太,女性,20代,千葉県,関東,検索,2023-10-09
C0276,石川 蓮,男性,20代,愛媛県,四国,検索,2024-03-21
C0277,吉田 悠斗,男性,20代,東京都,関東,メール,2023-11-27
C0278,吉田 亮,女性,40代,兵庫県,近畿,広告,2024-10-19
C0279,清水 悠斗,男性,30代,京都府,近畿,広告,2024-04-08
C0280,小林 舞,男性,40代,北海道,北海道,メール,2024-09-24
C0281,田中 誠,女性,50代,愛知県,中部,検索,2024-06-28
C0282,池田 菜々子,女性,30代,広島県,中国,広告,2025-07-04
C0283,森 直樹,女性,50代,宮城県,東北,広告,2023-12-10
C0284,池田 舞,女性,40代,千葉県,関東,検索,2023-12-10
C0285,前田 健太,男性,30代,京都府,近畿,メール,2025-01-09
C0286,池田 真央,女性,40代,宮城県,東北,検索,2024-07-09
C0287,佐藤 美咲,女性,40代,兵庫県,近畿,検索,2023-11-17
C0288,小林 結衣,女性,20代,東京都,関東,SNS,2025-09-24
C0289,清水 瞳,女性,40代,埼玉県,関東,SNS,2024-05-20
C0290,渡辺 瞳,女性,20代,広島県,中国,検索,2023-12-31
C0291,木村 彩,男性,10代,神奈川県,関東,SNS,2024-11-05
C0292,斎藤 健太,女性,10代,沖縄県,九州・沖縄,広告,2025-09-08
C0293,清水 健太,女性,40代,神奈川県,関東,検索,2024-03-28
C0294,山口 駿,女性,40代,京都府,近畿,紹介,2023-11-08
C0295,松本 誠,女性,20代,東京都,関東,メール,2025-08-19
C0296,藤田 莉子,男性,30代,熊本県,九州・沖縄,紹介,2024-02-04
C0297,斎藤 さくら,女性,30代,東京都,関東,SNS,2023-10-21
C0298,橋本 拓海,男性,30代,愛媛県,四国,広告,2024-06-30
C0299,中村 蓮,女性,10代,宮城県,東北,検索,2024-03-16
C0300,高橋 彩,女性,50代,埼玉県,関東,検索,2023-10-28
C0301,小川 菜々子,女性,30代,千葉県,関東,検索,2024-10-06
C0302,田中 さくら,女性,40代,北海道,北海道,メール,2024-05-25
C0303,山口 瞳,男性,10代,北海道,北海道,広告,2025-10-09
C0304,吉田 蓮,男性,30代,長野県,中部,検索,2024-01-16
C0305,前田 菜々子,男性,60代以上,神奈川県,関東,広告,2025-03-24
C0306,小林 亮,女性,20代,神奈川県,関東,SNS,2024-12-07
C0307,斎藤 拓海,女性,40代,大阪府,近畿,SNS,2024-04-10
C0308,佐々木 愛,男性,40代,大阪府,近畿,広告,2025-03-03
C0309,松本 翔太,女性,50代,東京都,関東,広告,2025-12-03
C0310,山本 莉子,男性,20代,静岡県,中部,メール,2024-04-18
C0311,伊藤 智也,女性,60代以上,大阪府,近畿,紹介,2025-02-09
C0312,斎藤 悠斗,女性,20代,東京都,関東,SNS,2024-01-01
C0313,田中 菜々子,男性,20代,千葉県,関東,SNS,2025-03-20
C0314,石川 亮,男性,20代,東京都,関東,SNS,2025-05-18
C0315,森 颯太,男性,40代,東京都,関東,検索,2024-12-20
C0316,藤田 龍之介,女性,30代,大阪府,近畿,検索,2025-04-08
C0317,松本 駿,女性,20代,東京都,関東,検索,2024-09-01
C0318,後藤 さくら,女性,30代,千葉県,関東,検索,2025-05-20
C0319,石川 莉子,女性,30代,静岡県,中部,SNS,2024-04-04
C0320,後藤 菜々子,女性,20代,東京都,関東,メール,2025-09-05
C0321,阿部 健太,女性,30代,北海道,北海道,広告,2024-04-18
C0322,中村 葵,女性,20代,兵庫県,近畿,検索,2025-02-28
C0323,阿部 優,男性,40代,熊本県,九州・沖縄,検索,2023-11-02
C0324,田中 拓海,女性,10代,京都府,近畿,広告,2025-02-16
C0325,山本 美咲,女性,30代,愛知県,中部,SNS,2025-03-04
C0326,池田 莉子,女性,30代,東京都,関東,検索,2025-03-02
C0327,清水 大輔,男性,60代以上,京都府,近畿,SNS,2023-11-19
C0328,木村 美咲,男性,20代,岡山県,中国,広告,2024-04-09
C0329,加藤 智也,女性,40代,兵庫県,近畿,メール,2024-12-21
C0330,池田 龍之介,女性,40代,東京都,関東,SNS,2024-11-05
C0331,吉田 翔太,男性,60代以上,神奈川県,関東,紹介,2025-10-28
C0332,山口 愛,男性,40代,長野県,中部,紹介,2025-03-30
C0333,池田 遥,女性,20代,静岡県,中部,検索,2024-11-03
C0334,山口 葵,女性,30代,愛知県,中部,検索,2024-10-04
C0335,斎藤 優,女性,20代,岡山県,中国,広告,2024-03-24
C0336,佐々木 拓海,女性,20代,東京都,関東,紹介,2024-11-24
C0337,中村 亮,女性,20代,岡山県,中国,紹介,2025-11-06
C0338,山口 健太,女性,40代,東京都,関東,SNS,2023-12-24
C0339,橋本 大輔,女性,20代,広島県,中国,広告,2023-12-05
C0340,石川 愛,男性,50代,千葉県,関東,検索,2024-11-26
C0341,中村 花子,男性,20代,大阪府,近畿,広告,2025-03-16
C0342,田中 葵,男性,40代,千葉県,関東,広告,2023-10-13
C0343,石川 優,女性,20代,大阪府,近畿,SNS,2025-04-03
C0344,小林 直樹,女性,30代,北海道,北海道,SNS,2024-06-30
C0345,斎藤 陽菜,男性,20代,新潟県,中部,SNS,2024-02-29
C0346,阿部 舞,男性,20代,愛知県,中部,検索,2025-11-27
C0347,伊藤 直樹,女性,10代,千葉県,関東,SNS,2025-02-03
C0348,藤田 颯太,女性,20代,埼玉県,関東,紹介,2024-12-19
C0349,加藤 健太,女性,20代,神奈川県,関東,紹介,2025-06-30
C0350,森 莉子,女性,50代,北海道,北海道,SNS,2025-11-20
C0351,山本 陽菜,女性,20代,神奈川県,関東,SNS,2024-07-03
C0352,小川 遥,女性,50代,静岡県,中部,広告,2023-12-26
C0353,高橋 翔太,女性,50代,北海道,北海道,検索,2025-01-31
C0354,松本 菜々子,女性,30代,静岡県,中部,広告,2025-05-18
C0355,山口 翔太,男性,20代,愛知県,中部,SNS,2024-05-31
C0356,木村 陽菜,女性,30代,広島県,中国,検索,2025-01-26
C0357,加藤 さくら,女性,20代,北海道,北海道,メール,2024-11-15
C0358,木村 大輔,男性,50代,東京都,関東,紹介,2024-12-21
C0359,井上 さくら,女性,30代,大阪府,近畿,紹介,2025-07-04
C0360,藤田 悠斗,女性,30代,東京都,関東,検索,2024-08-14
C0361,加藤 和也,女性,60代以上,神奈川県,関東,SNS,2025-04-20
C0362,鈴木 菜々子,男性,30代,兵庫県,近畿,メール,2024-09-18
C0363,池田 美咲,女性,20代,千葉県,関東,検索,2024-06-18
C0364,藤田 葵,男性,20代,大阪府,近畿,メール,2025-11-11
C0365,林 駿,女性,30代,宮城県,東北,メール,2025-02-19
C0366,木村 直樹,男性,20代,愛知県,中部,広告,2024-01-06
C0367,山本 葵,女性,10代,宮城県,東北,SNS,2025-06-11
C0368,林 愛,男性,40代,北海道,北海道,検索,2025-09-18
C0369,清水 陽菜,男性,10代,千葉県,関東,紹介,2023-12-12
C0370,後藤 陽菜,男性,40代,東京都,関東,紹介,2023-11-16
C0371,山本 亮,男性,40代,東京都,関東,広告,2025-03-25
C0372,井上 陽菜,男性,10代,千葉県,関東,SNS,2025-02-25
C0373,藤田 花子,女性,20代,愛媛県,四国,検索,2025-07-02
C0374,池田 瞳,女性,20代,埼玉県,関東,広告,2024-11-10
C0375,鈴木 蓮,男性,50代,熊本県,九州・沖縄,検索,2025-09-05
C0376,渡辺 龍之介,女性,50代,兵庫県,近畿,SNS,2024-08-22
C0377,佐々木 翔太,男性,20代,静岡県,中部,紹介,2024-11-18
C0378,阿部 颯太,女性,40代,東京都,関東,広告,2025-09-19
C0379,中村 健太,女性,20代,福岡県,九州・沖縄,メール,2025-05-10
C0380,斎藤 真央,女性,40代,石川県,中部,検索,2024-05-10
C0381,岡田 翔太,男性,30代,熊本県,九州・沖縄,検索,2024-03-03
C0382,後藤 愛,男性,30代,神奈川県,関東,広告,2025-09-25
C0383,松本 さくら,女性,30代,大阪府,近畿,SNS,2024-12-07
C0384,藤田 真央,男性,20代,東京都,関東,紹介,2024-04-05
C0385,田中 龍之介,女性,20代,埼玉県,関東,SNS,2024-04-25
C0386,佐藤 和也,女性,30代,岡山県,中国,広告,2025-10-09
C0387,藤田 和也,女性,30代,神奈川県,関東,広告,2024-08-01
C0388,高橋 莉子,女性,30代,沖縄県,九州・沖縄,検索,2024-02-07
C0389,林 亮,女性,20代,大阪府,近畿,メール,2024-09-15
C0390,井上 和也,女性,20代,愛知県,中部,広告,2025-01-08
C0391,小林 悠斗,男性,20代,福岡県,九州・沖縄,検索,2025-07-13
C0392,前田 舞,女性,20代,東京都,関東,検索,2024-08-10
C0393,橋本 龍之介,女性,30代,愛知県,中部,紹介,2024-11-11
C0394,小林 智也,女性,40代,熊本県,九州・沖縄,SNS,2024-07-17
C0395,中村 拓海,女性,30代,千葉県,関東,紹介,2025-04-08
C0396,吉田 拓海,女性,30代,大阪府,近畿,検索,2025-03-29
C0397,小川 愛,女性,40代,大阪府,近畿,紹介,2025-12-17
C0398,小川 葵,女性,20代,東京都,関東,メール,2025-01-06
C0399,山口 大輔,男性,30代,神奈川県,関東,検索,2024-02-19
C0400,山本 愛,女性,50代,東京都,関東,検索,2025-08-08
C0401,伊藤 陽菜,女性,30代,広島県,中国,SNS,2025-04-26
C0402,吉田 颯太,女性,40代,東京都,関東,SNS,2024-01-25
C0403,松本 彩,男性,20代,神奈川県,関東,紹介,2025-03-09
C0404,山口 花子,男性,20代,東京都,関東,メール,2024-10-25
C0405,佐々木 優,女性,30代,愛知県,中部,検索,2025-03-09
C0406,田中 花子,女性,40代,埼玉県,関東,SNS,2025-04-07
C0407,田中 智也,女性,60代以上,東京都,関東,紹介,2025-03-07
C0408,阿部 彩,女性,30代,北海道,北海道,メール,2025-08-20
C0409,岡田 舞,女性,10代,東京都,関東,広告,2025-09-09
C0410,前田 さくら,男性,40代,神奈川県,関東,検索,2023-12-27
C0411,山田 真央,女性,20代,新潟県,中部,メール,2025-12-17
C0412,岡田 遥,男性,20代,神奈川県,関東,SNS,2025-08-09
C0413,佐藤 彩,女性,30代,愛知県,中部,広告,2024-03-21
C0414,佐々木 結衣,女性,40代,京都府,近畿,検索,2025-10-16
C0415,鈴木 葵,女性,10代,愛知県,中部,検索,2024-10-19
C0416,小林 誠,女性,60代以上,愛知県,中部,SNS,2025-09-04
C0417,前田 瞳,女性,20代,千葉県,関東,紹介,2025-12-04
C0418,前田 美咲,男性,50代,北海道,北海道,SNS,2024-12-19
C0419,田中 真央,女性,20代,東京都,関東,SNS,2025-02-10
C0420,鈴木 莉子,女性,30代,神奈川県,関東,SNS,2024-08-22
