商品ID,商品名,カテゴリ,単価,原価
P001,ノートA5,文具,480,210
P002,ノートB5,文具,580,260
P003,ボールペン(万年筆風),文具,1200,520
P004,蛍光ペン5色セット,文具,650,280
P005,付箋セット,文具,420,180
P006,手帳(A6),文具,1600,700
P007,クリアファイル10枚,文具,380,180
P008,ステープラー,文具,780,370
P009,マグカップ,キッチン,1200,660
P010,保温タンブラー,キッチン,2400,1270
P011,木製カッティングボード,キッチン,2800,1400
P012,ステンレスボトル,キッチン,2600,1480
P013,ランチボックス,キッチン,1500,840
P014,耐熱ガラス容器,キッチン,1900,930
P015,キッチンタイマー,キッチン,980,530
P016,箸置き5個セット,キッチン,700,340
P017,アロマキャンドル,インテリア,1800,850
P018,観葉植物ポット,インテリア,2200,1100
P019,フォトフレーム,インテリア,1300,580
P020,ウォールクロック,インテリア,3400,1600
P021,クッションカバー,インテリア,1600,850
P022,ブランケット,インテリア,3200,1570
P023,間接照明,インテリア,4800,2400
P024,小物トレイ,インテリア,900,450
P025,トートバッグ,衣類雑貨,2400,1220
P026,ハンカチ3枚組,衣類雑貨,900,400
P027,折りたたみ傘,衣類雑貨,2200,1060
P028,マフラー,衣類雑貨,3200,1660
P029,靴下3足組,衣類雑貨,1100,560
P030,キャップ,衣類雑貨,2600,1250
P031,ポーチ,衣類雑貨,1400,730
P032,エコバッグ,衣類雑貨,800,380
P033,ワイヤレスイヤホン,ガジェット,5800,3480
P034,モバイルバッテリー,ガジェット,3400,2180
P035,スマホスタンド,ガジェット,1200,780
P036,USBケーブル,ガジェット,900,540
P037,ワイヤレス充電器,ガジェット,3000,1980
P038,PCスタンド,ガジェット,3800,2320
P039,Bluetoothスピーカー,ガジェット,5200,3380
P040,ケーブルオーガナイザー,ガジェット,700,440
